mode,loss,accuracy,macro_f1
clean,0.7049792154835636,0.7224409448818898,0.7202996012466713
blur,1.0918241434880398,0.5748031496062992,0.5323343302865208
dark,0.7108402136206224,0.7111923509561305,0.7122088026741198
noise,2.1956678954769173,0.3298650168728909,0.32479091753721717
occlusion,0.8466498026429468,0.6659167604049494,0.6538070714806787
