{
  "test_loss": 0.7049792154835636,
  "test_acc": 0.7224409448818898,
  "test_macro_f1": 0.7202996012466713,
  "best_val_macro_f1": 0.7119902897257541,
  "race_macro_f1_gap": 0.08492089694223481,
  "gender_macro_f1_gap": 0.0025544988088005427
}