epoch,train_loss,train_acc,train_macro_f1,val_loss,val_acc,val_macro_f1
1,1.2376139478643815,0.5012957271138432,0.4048134129812177,1.118449005689074,0.5416197975253093,0.4957841143286908
2,1.1408396825963978,0.5320918459591394,0.4679287942084673,1.0786001727873349,0.5430258717660292,0.5071606044725574
3,1.118478145700233,0.5439040559271983,0.4814321585637124,1.877432909537488,0.5646794150731158,0.5056471264480119
4,1.1077840848145215,0.5466160429096607,0.4877553399102892,2.4522207275418517,0.5582114735658043,0.5035533352118562
5,1.1019761050968082,0.5496896281564515,0.4901978389577916,1.3095313645857392,0.5556805399325084,0.508633586778485
