race_unified,count,accuracy,macro_f1,accuracy_pct,macro_f1_pct
Asian,510,0.6411764705882353,0.5773619793893505,64.12,57.74
Black,652,0.5751533742331288,0.4296738399186298,57.52,42.97
Indian,625,0.56,0.487133555045656,56.0,48.71
Other,247,0.5708502024291497,0.4562086785051571,57.09,45.62
White,1522,0.5597897503285151,0.5422476556177286,55.98,54.22
