gender_norm,count,accuracy,macro_f1,accuracy_pct,macro_f1_pct
Female,1688,0.5894549763033176,0.5199235551655792,58.95,51.99
Male,1868,0.5620985010706638,0.521521068844986,56.21,52.15
