true_age_bucket,count,accuracy,error_rate,accuracy_pct,error_rate_pct
0-12,512,0.70703125,0.29296875,70.7,29.3
13-24,524,0.22900763358778625,0.7709923664122138,22.9,77.1
25-39,1435,0.7616724738675958,0.23832752613240415,76.17,23.83
40-59,682,0.32404692082111436,0.6759530791788857,32.4,67.6
60+,403,0.6178660049627791,0.3821339950372209,61.79,38.21
